<?xml version="1.0" encoding="UTF-8"?>
<rss version="2.0">
   <channel>
      <title>Fandango.com Movies Near Me</title>
      <link><![CDATA[http://www.fandango.com/movietimes?wssaffid=11836&wssac=123]]></link>
      <description>Review movie listings for local theaters near you on Fandango.com</description>
      <language>en-us</language>
      <copyright>Copyright 2015 Fandango</copyright>
      <pubDate>Sun, 12 Apr 2015 03:54:29 GMT</pubDate>
      <ttl>1440</ttl>
      <image>
         <url>http://images.fandango.com/r96.3/images/global/fandango_rss_logo.gif</url>
         <title>Fandango.com Movies Near Me</title>
         <link><![CDATA[http://www.fandango.com/movietimes?wssaffid=11836&wssac=123]]></link>
      </image>
      <item>
         <title><![CDATA[Wehrenberg Bloomington Galaxy 14 Cinema]]></title>
         <link><![CDATA[http://www.fandango.com/wehrenbergbloomingtongalaxy14cinema_aausa/theaterpage?wssaffid=11836&wssac=123]]></link>
         <description><![CDATA[<p>1111 Wylie Drive Bloomington, IL 61701</p><p><ul><li><a href="http://www.fandango.com/avengers3a+age+of+ultron+2015_157897/movietimes?location=61701&wssaffid=11836&wssac=123">Avengers: Age of Ultron (2015)</a></li><li><a href="http://www.fandango.com/avengers3a+age+of+ultron+3d+2015_181233/movietimes?location=61701&wssaffid=11836&wssac=123">Avengers: Age of Ultron 3D (2015)</a></li><li><a href="http://www.fandango.com/avengers3a+age+of+ultron+an+imax+3d+experience+2015_181232/movietimes?location=61701&wssaffid=11836&wssac=123">Avengers: Age of Ultron An IMAX 3D Experience (2015)</a></li><li><a href="http://www.fandango.com/cinderella+2015_167741/movietimes?location=61701&wssaffid=11836&wssac=123">Cinderella (2015)</a></li><li><a href="http://www.fandango.com/danny+collins_178689/movietimes?location=61701&wssaffid=11836&wssac=123">Danny Collins</a></li><li><a href="http://www.fandango.com/the+divergent+series3a+insurgent_177207/movietimes?location=61701&wssaffid=11836&wssac=123">The Divergent Series: Insurgent</a></li><li><a href="http://www.fandango.com/do+you+believe3f_179061/movietimes?location=61701&wssaffid=11836&wssac=123">Do You Believe?</a></li><li><a href="http://www.fandango.com/furious+7_172963/movietimes?location=61701&wssaffid=11836&wssac=123">Furious 7</a></li><li><a href="http://www.fandango.com/furious+73a+an+imax+experience_180762/movietimes?location=61701&wssaffid=11836&wssac=123">Furious 7: An IMAX Experience</a></li><li><a href="http://www.fandango.com/get+hard_179314/movietimes?location=61701&wssaffid=11836&wssac=123">Get Hard</a></li><li><a href="http://www.fandango.com/home_161124/movietimes?location=61701&wssaffid=11836&wssac=123">Home</a></li><li><a href="http://www.fandango.com/home+3d_179265/movietimes?location=61701&wssaffid=11836&wssac=123">Home 3D</a></li><li><a href="http://www.fandango.com/it+follows_176019/movietimes?location=61701&wssaffid=11836&wssac=123">It Follows</a></li><li><a href="http://www.fandango.com/the+longest+ride_179361/movietimes?location=61701&wssaffid=11836&wssac=123">The Longest Ride</a></li><li><a href="http://www.fandango.com/monkey+kingdom_178809/movietimes?location=61701&wssaffid=11836&wssac=123">Monkey Kingdom</a></li><li><a href="http://www.fandango.com/paul+blart3a+mall+cop+2_179878/movietimes?location=61701&wssaffid=11836&wssac=123">Paul Blart: Mall Cop 2</a></li><li><a href="http://www.fandango.com/showboat_19333/movietimes?location=61701&wssaffid=11836&wssac=123">Showboat</a></li><li><a href="http://www.fandango.com/unfriended_179657/movietimes?location=61701&wssaffid=11836&wssac=123">Unfriended</a></li><li><a href="http://www.fandango.com/woman+in+gold_179452/movietimes?location=61701&wssaffid=11836&wssac=123">Woman in Gold</a></li></ul></p><p><a href="http://www.fandango.com/movietimes?wssaffid=11836&wssac=123">Search other theaters</a></p>]]></description>
         <author>affiliates@fandango.com</author>
         <category>Movies Near Me</category>
         <pubDate>Sun, 12 Apr 2015 03:54:29 GMT</pubDate>
         <source url="http://www.fandango.com/rss/moviesnearme_61761.rss?wssaffid=11836&amp;wssac=123">Fandango.com Movies Near Me</source>
      </item>
      <item>
         <title><![CDATA[Starplex Normal Stadium 14]]></title>
         <link><![CDATA[http://www.fandango.com/starplexnormalstadium14_aavfg/theaterpage?wssaffid=11836&wssac=123]]></link>
         <description><![CDATA[<p>201 McKnight Drive Normal, IL 61761</p><p><ul><li><a href="http://www.fandango.com/cinderella+2015_167741/movietimes?location=61761&wssaffid=11836&wssac=123">Cinderella (2015)</a></li><li><a href="http://www.fandango.com/danny+collins_178689/movietimes?location=61761&wssaffid=11836&wssac=123">Danny Collins</a></li><li><a href="http://www.fandango.com/the+divergent+series3a+insurgent_177207/movietimes?location=61761&wssaffid=11836&wssac=123">The Divergent Series: Insurgent</a></li><li><a href="http://www.fandango.com/do+you+believe3f_179061/movietimes?location=61761&wssaffid=11836&wssac=123">Do You Believe?</a></li><li><a href="http://www.fandango.com/furious+7_172963/movietimes?location=61761&wssaffid=11836&wssac=123">Furious 7</a></li><li><a href="http://www.fandango.com/get+hard_179314/movietimes?location=61761&wssaffid=11836&wssac=123">Get Hard</a></li><li><a href="http://www.fandango.com/home_161124/movietimes?location=61761&wssaffid=11836&wssac=123">Home</a></li><li><a href="http://www.fandango.com/home+3d_179265/movietimes?location=61761&wssaffid=11836&wssac=123">Home 3D</a></li><li><a href="http://www.fandango.com/it+follows_176019/movietimes?location=61761&wssaffid=11836&wssac=123">It Follows</a></li><li><a href="http://www.fandango.com/the+longest+ride_179361/movietimes?location=61761&wssaffid=11836&wssac=123">The Longest Ride</a></li><li><a href="http://www.fandango.com/monkey+kingdom_178809/movietimes?location=61761&wssaffid=11836&wssac=123">Monkey Kingdom</a></li><li><a href="http://www.fandango.com/paul+blart3a+mall+cop+2_179878/movietimes?location=61761&wssaffid=11836&wssac=123">Paul Blart: Mall Cop 2</a></li><li><a href="http://www.fandango.com/the+second+best+exotic+marigold+hotel_179758/movietimes?location=61761&wssaffid=11836&wssac=123">The Second Best Exotic Marigold Hotel</a></li><li><a href="http://www.fandango.com/true+story_179340/movietimes?location=61761&wssaffid=11836&wssac=123">True Story</a></li><li><a href="http://www.fandango.com/unfriended_179657/movietimes?location=61761&wssaffid=11836&wssac=123">Unfriended</a></li><li><a href="http://www.fandango.com/woman+in+gold_179452/movietimes?location=61761&wssaffid=11836&wssac=123">Woman in Gold</a></li></ul></p><p><a href="http://www.fandango.com/movietimes?wssaffid=11836&wssac=123">Search other theaters</a></p>]]></description>
         <author>affiliates@fandango.com</author>
         <category>Movies Near Me</category>
         <pubDate>Sun, 12 Apr 2015 03:54:29 GMT</pubDate>
         <source url="http://www.fandango.com/rss/moviesnearme_61761.rss?wssaffid=11836&amp;wssac=123">Fandango.com Movies Near Me</source>
      </item>
      <item>
         <title><![CDATA[Normal Theatre]]></title>
         <link><![CDATA[http://www.fandango.com/normaltheatre_aangr/theaterpage?wssaffid=11836&wssac=123]]></link>
         <description><![CDATA[<p>209 W. North St. Normal, IL 61761</p><p><ul><li><a href="http://www.fandango.com/ferris+bueller27s+day+off_28124/movietimes?location=61761&wssaffid=11836&wssac=123">Ferris Bueller's Day Off</a></li><li><a href="http://www.fandango.com/the+lunchbox_167225/movietimes?location=61761&wssaffid=11836&wssac=123">The Lunchbox</a></li><li><a href="http://www.fandango.com/the+tale+of+the+princess+kaguya_175987/movietimes?location=61761&wssaffid=11836&wssac=123">The Tale of the Princess Kaguya</a></li></ul></p><p><a href="http://www.fandango.com/movietimes?wssaffid=11836&wssac=123">Search other theaters</a></p>]]></description>
         <author>affiliates@fandango.com</author>
         <category>Movies Near Me</category>
         <pubDate>Sun, 12 Apr 2015 03:54:29 GMT</pubDate>
         <source url="http://www.fandango.com/rss/moviesnearme_61761.rss?wssaffid=11836&amp;wssac=123">Fandango.com Movies Near Me</source>
      </item>
      <item>
         <title><![CDATA[Carmike Ovation 10]]></title>
         <link><![CDATA[http://www.fandango.com/carmikeovation10_aangw/theaterpage?wssaffid=11836&wssac=123]]></link>
         <description><![CDATA[<p>415 Detroit Drive Bloomington, IL 61704</p><p><ul><li><a href="http://www.fandango.com/avengers3a+age+of+ultron+2015_157897/movietimes?location=61704&wssaffid=11836&wssac=123">Avengers: Age of Ultron (2015)</a></li><li><a href="http://www.fandango.com/avengers3a+age+of+ultron+3d+2015_181233/movietimes?location=61704&wssaffid=11836&wssac=123">Avengers: Age of Ultron 3D (2015)</a></li><li><a href="http://www.fandango.com/cinderella+2015_167741/movietimes?location=61704&wssaffid=11836&wssac=123">Cinderella (2015)</a></li><li><a href="http://www.fandango.com/the+divergent+series3a+insurgent_177207/movietimes?location=61704&wssaffid=11836&wssac=123">The Divergent Series: Insurgent</a></li><li><a href="http://www.fandango.com/furious+7_172963/movietimes?location=61704&wssaffid=11836&wssac=123">Furious 7</a></li><li><a href="http://www.fandango.com/get+hard_179314/movietimes?location=61704&wssaffid=11836&wssac=123">Get Hard</a></li><li><a href="http://www.fandango.com/home_161124/movietimes?location=61704&wssaffid=11836&wssac=123">Home</a></li><li><a href="http://www.fandango.com/home+3d_179265/movietimes?location=61704&wssaffid=11836&wssac=123">Home 3D</a></li><li><a href="http://www.fandango.com/it+follows_176019/movietimes?location=61704&wssaffid=11836&wssac=123">It Follows</a></li><li><a href="http://www.fandango.com/the+longest+ride_179361/movietimes?location=61704&wssaffid=11836&wssac=123">The Longest Ride</a></li><li><a href="http://www.fandango.com/mission3a+impossible+e28093+rogue+nation_179981/movietimes?location=61704&wssaffid=11836&wssac=123">Mission: Impossible – Rogue Nation</a></li><li><a href="http://www.fandango.com/paul+blart3a+mall+cop+2_179878/movietimes?location=61704&wssaffid=11836&wssac=123">Paul Blart: Mall Cop 2</a></li><li><a href="http://www.fandango.com/son+of+satyamurthy_182685/movietimes?location=61704&wssaffid=11836&wssac=123">Son of Satyamurthy</a></li><li><a href="http://www.fandango.com/woman+in+gold_179452/movietimes?location=61704&wssaffid=11836&wssac=123">Woman in Gold</a></li></ul></p><p><a href="http://www.fandango.com/movietimes?wssaffid=11836&wssac=123">Search other theaters</a></p>]]></description>
         <author>affiliates@fandango.com</author>
         <category>Movies Near Me</category>
         <pubDate>Sun, 12 Apr 2015 03:54:29 GMT</pubDate>
         <source url="http://www.fandango.com/rss/moviesnearme_61761.rss?wssaffid=11836&amp;wssac=123">Fandango.com Movies Near Me</source>
      </item>
   </channel>
</rss>